table_iid,column_iid,column_label,ordinal,required,storage_type,value_domain_type,allowed_values,vocab_ref,null_tokens,description,notes
dictionary,table_iid,Table ID,1,yes,string,enum,packages|dictionary|parties|party-roles,vocab--registry-table-iid,none,Registry table this field belongs to.,
dictionary,column_iid,Column ID,2,yes,string,pattern,^[a-z][a-z0-9_]*$,,none,Exact machine-readable column name.,
dictionary,column_label,Column label,3,yes,string,free_text,,,none,Human-readable column label.,
dictionary,ordinal,Ordinal,4,yes,integer,range,1..999,,none,1-based position in the CSV header.,
dictionary,required,Required,5,yes,string,enum,yes|no|conditional,,none,Whether a value is required.,
dictionary,storage_type,Storage type,6,yes,string,enum,datetime|boolean|string|integer|float,,none,Logical storage type.,
dictionary,value_domain_type,Value domain type,7,yes,string,enum,enum|range|pattern|free_text|vocab,,none,How legal values are constrained.,
dictionary,allowed_values,Allowed values,8,conditional,string,free_text,,,blank|nap|unk,"Inline enum members, range, or regex. Pipe-delimit enum members with no spaces.",
dictionary,vocab_ref,Vocabulary reference,9,conditional,string,free_text,,,blank|nap|unk,Filename stem of governing controlled vocabulary.,
dictionary,null_tokens,Null tokens,10,yes,string,free_text,,,none,Legal null tokens. Use none when nulls are prohibited.,
dictionary,description,Description,11,yes,string,free_text,,,none,What the field means.,
dictionary,notes,Notes,12,no,string,free_text,,,blank|nap|unk,"Conditions, caveats, or curator notes.",
packages,dataset_id,Dataset ID,1,yes,string,pattern,UUIDv4,,none,Opaque UUIDv4 identifying the dataset concept. Mint once and reuse for every release.,
packages,ds_iid,Dataset IID,2,yes,string,pattern,^[a-z0-9]+(-[a-z0-9]+)*$,,none,Human-readable immutable dataset identifier; globally unique within the project.,
packages,release_id,Release ID,3,conditional,string,pattern,UUIDv7,,blank|nap,Opaque UUIDv7 identifying one acquired release/snapshot.,
packages,release_slug,Release slug,4,conditional,string,pattern,^[a-z0-9-]+--ing[0-9]{8}--r[0-9]{3}$,,blank|nap,Readable release identifier: {ds_iid}--ing{YYYYMMDD}--r{NNN}.,
packages,title,Title,5,yes,string,free_text,,,none,Source-facing title of the dataset or release.,
packages,abstract,Abstract,6,yes,string,free_text,,,none,What the dataset contains and why it exists.,
packages,purpose,Local purpose,7,no,string,free_text,,,blank|nap|unk,Why this project/lab holds or uses this release.,
packages,source_org,Source organization,8,yes,string,free_text,,,blank|nap|unk,Organization that produced or supplied the data.,
packages,source_citation,Source citation,9,yes,string,free_text,,,blank|nap|unk,"Preferred source citation, using source wording when available.",
packages,landing_page_url,Landing page URL,10,no,string,free_text,,,blank|nap|unk,Public landing page if one exists.,
packages,doi,DOI,11,no,string,free_text,,,blank|nap|unk,DOI for this or a closely related public record.,
packages,eml_package_id,EML package ID,12,no,string,free_text,,,blank|nap|unk,Identifier if published as an EML package.,
packages,repo_scope,Repository,13,no,string,free_text,,,blank|nap|unk,Repository or platform holding a related record.,
packages,repo_identifier,Repository identifier,14,no,string,free_text,,,blank|nap|unk,Identifier within repo_scope.,
packages,repo_revision,Repository revision,15,no,string,free_text,,,blank|nap|unk,Revision/version within repo_scope.,
packages,coverage_start,Coverage start,16,conditional,datetime,pattern,YYYY|YYYY-MM|YYYY-MM-DD,,blank|nap|unk,Earliest observation date; partial ISO dates are allowed.,
packages,coverage_end,Coverage end,17,conditional,datetime,pattern,YYYY|YYYY-MM|YYYY-MM-DD,,blank|nap|unk,Latest observation date; partial ISO dates are allowed.,
packages,published_date,Published/supplied date,18,no,datetime,pattern,YYYY-MM-DD,,blank|nap|unk,Date the source published or supplied the release.,
packages,ingest_date,Ingest date,19,conditional,datetime,pattern,YYYY-MM-DD,,blank|nap|unk,Date the lab acquired the release; encoded in release_slug.,
packages,geo_description,Geographic description,20,conditional,string,free_text,,,blank|nap|unk,Human-readable spatial coverage.,
packages,west,West,21,no,float,range,-180..180,,blank|nap|unk,Westernmost longitude in WGS84 decimal degrees.,
packages,east,East,22,no,float,range,-180..180,,blank|nap|unk,Easternmost longitude in WGS84 decimal degrees.,
packages,south,South,23,no,float,range,-90..90,,blank|nap|unk,Southernmost latitude in WGS84 decimal degrees.,
packages,north,North,24,no,float,range,-90..90,,blank|nap|unk,Northernmost latitude in WGS84 decimal degrees.,
packages,spatial_reference,Spatial reference,25,no,string,free_text,,,blank|nap|unk,CRS/datum of source coordinates.,
packages,content_domains,Content domains,26,conditional,string,vocab,,vocab--content-domains,blank|nap|unk,Pipe-delimited controlled terms describing kinds of data present.,
packages,license,License,27,conditional,string,free_text,,,blank|nap|unk,Reuse license or concise reuse terms.,
packages,intellectual_rights,Intellectual rights,28,conditional,string,free_text,,,blank|nap|unk,Full rights/access statement and unresolved restrictions.,
packages,methods_summary,Methods summary,29,conditional,string,free_text,,,blank|nap|unk,"How source data were produced, with citations where available.",
packages,processing_summary,Processing summary,30,conditional,string,free_text,,,blank|nap|unk,What the lab did to the acquired delivery before/while registering it.,
packages,upstream_release_ids,Upstream release IDs,31,no,string,free_text,,,blank|nap|unk,"Pipe-delimited release_id values that this release supersedes, derives from, or builds on.",
packages,file_manifest_path,File manifest path,32,conditional,string,free_text,,,blank|nap|unk,Project-relative POSIX path to SHA-256 file manifest.,
packages,manifest_sha256,Manifest SHA-256,33,conditional,string,pattern,^[0-9a-f]{64}$,,blank|nap|unk,SHA-256 digest of the manifest file.,
packages,file_count,File count,34,conditional,integer,range,0..,,blank|nap|unk,Number of raw files covered by the manifest.,
packages,total_bytes,Total bytes,35,conditional,integer,range,0..,,blank|nap|unk,Total bytes of raw files covered by the manifest.,
packages,release_status,Release status,36,yes,string,vocab,,vocab--release-status,none,Curation stage for this release.,
packages,notes,Notes,37,no,string,free_text,,,blank|nap|unk,Anything a future curator needs to know.,
parties,party_id,Party ID,1,yes,string,pattern,UUIDv4,,none,Opaque UUIDv4 identifying one person or organization.,
parties,party_iid,Party IID,2,yes,string,pattern,^[a-z0-9]+(-[a-z0-9]+)*$,,none,Human-readable immutable identifier for one person or organization.,
parties,type,Party type,3,yes,string,enum,person|organization,,none,Whether the party is a person or organization.,
parties,given_name,Given name,4,conditional,string,free_text,,,blank|nap,"Given/first name; required for person, nap for organization.",
parties,middle_name,Middle name,5,no,string,free_text,,,blank|nap,Middle name or initial.,
parties,surname,Surname,6,conditional,string,free_text,,,blank|nap,"Family/last name; required for person, nap for organization.",
parties,org_name,Organization name,7,conditional,string,free_text,,,blank|nap,Name of party when type=organization; nap for person.,
parties,email,Email,8,no,string,free_text,,,blank|nap|unk,Contact email when known and appropriate to record.,
parties,orcid,ORCID,9,no,string,pattern,^https://orcid\.org/[0-9]{4}-[0-9]{4}-[0-9]{4}-[0-9]{3}[0-9X]$,,blank|nap|unk,Full ORCID URL; person parties only.,
parties,organization,Affiliation,10,no,string,free_text,,,blank|nap|unk,Organizational affiliation for a person party.,
parties,role_default,Default role,11,no,string,free_text,,,blank|nap|unk,Informal typical role; release-specific roles belong in party-roles.,
parties,notes,Notes,12,no,string,free_text,,,blank|nap|unk,Curator notes.,
party-roles,ds_iid,Dataset IID,1,yes,string,vocab,,registry--packages,none,Dataset to which the contribution applies.,
party-roles,release_slug,Release slug,2,conditional,string,vocab,,registry--packages,blank,Specific release; blank means dataset-level role across releases.,
party-roles,party_iid,Party IID,3,yes,string,vocab,,registry--parties,none,Party holding this role.,
party-roles,role_schema,Role schema,4,yes,string,enum,credit|datacite|eml,,none,Vocabulary/schema from which role is drawn.,
party-roles,role,Role,5,yes,string,free_text,,,none,Role term from role_schema; validated against that schema vocabulary.,
party-roles,role_degree,Role degree,6,no,string,enum,lead|equal|supporting,,blank|nap,Optional degree-of-contribution qualifier.,
party-roles,role_order,Role order,7,no,integer,range,1..,,blank|nap,Contributor/author order when meaningful.,
party-roles,notes,Notes,8,no,string,free_text,,,blank|nap|unk,Curator notes.,
vocab-schema,concept_iid,Concept ID,1,yes,string,pattern,^[a-z0-9]+(?:-[a-z0-9]+)*--[a-z0-9]+(?:-[a-z0-9]+)*$,,none,"Stable, globally unique identifier for the concept within the registry vocabulary system.",Form: {vocab_iid}--{term_code}. Immutable; do not reuse an identifier for a different concept.
vocab-schema,term_code,Term code,2,yes,string,pattern,^[a-z0-9]+(?:-[a-z0-9]+)*$,,none,Machine-readable code stored in registry/data fields when this vocabulary governs a value.,Use lowercase kebab-case. Stable after publication; prefer deprecation to changing a code.
vocab-schema,pref_label,Preferred label,3,yes,string,free_text,,,none,Preferred human-readable label for the concept.,
vocab-schema,alt_labels,Alternative labels,4,no,string,free_text,,,blank|nap|unk,"Alternative labels, synonyms, abbreviations, spelling variants, or source-specific renderings.","When multiple values are present, separate them with an unpadded pipe: value1|value2."
vocab-schema,definition,Definition,5,yes,string,free_text,,,none,Definition of the concept represented by this term.,Use the canonical external definition when adopting a published standard; otherwise write a project-local definition.
vocab-schema,broader_id,Broader concept,6,no,string,pattern,^[a-z0-9]+(?:-[a-z0-9]+)*--[a-z0-9]+(?:-[a-z0-9]+)*$,,blank|nap|unk,concept_iid of the immediate broader or parent concept in a hierarchical vocabulary.,Leave blank when the vocabulary is not hierarchical or the concept has no broader term.
vocab-schema,status,Status,7,yes,string,enum,active|proposed|deprecated,,none,Lifecycle state of the vocabulary concept.,Deprecated concepts remain in the vocabulary so historical data can still be interpreted.
vocab-schema,created,Created,8,yes,string,pattern,^\d{4}-\d{2}-\d{2}$,,none,"Date the concept record was first added, in ISO 8601 calendar-date form YYYY-MM-DD.",
vocab-schema,modified,Modified,9,yes,string,pattern,^\d{4}-\d{2}-\d{2}$,,none,"Date the concept record was last substantively changed, in ISO 8601 calendar-date form YYYY-MM-DD.",
vocab-schema,scope_note,Scope note,10,no,string,free_text,,,blank|nap|unk,"Notes describing where, when, or how the concept should be applied.",
vocab-schema,related_ids,Related concepts,11,no,string,free_text,,,blank|nap|unk,concept_iid values for associated concepts that are related but are not broader/narrower or equivalence mappings.,Use an unpadded pipe between multiple concept_iid values.
vocab-schema,exact_match_ids,Exact matches,12,no,string,free_text,,,blank|nap|unk,External concept identifiers or URIs judged to have the same meaning as this concept.,Use an unpadded pipe between multiple identifiers.
vocab-schema,close_match_ids,Close matches,13,no,string,free_text,,,blank|nap|unk,"External concept identifiers or URIs with closely related, but not identical, meaning.",Use an unpadded pipe between multiple identifiers.
vocab-schema,replaced_by,Replaced by,14,conditional,string,pattern,^[a-z0-9]+(?:-[a-z0-9]+)*--[a-z0-9]+(?:-[a-z0-9]+)*$,,blank|nap|unk,concept_iid of the preferred successor concept when this concept is deprecated.,Expected when status=deprecated and a direct successor exists.
vocab-schema,source,Source,15,yes,string,free_text,,,none,"Authoritative source for the concept or definition, such as a standard, citation, URL, or the lab-local registry standard.","For adopted external vocabularies, prefer the canonical source rather than a secondary description."
vocab-schema,note,Note,16,no,string,free_text,,,blank|nap|unk,Curator comments that do not belong in the formal definition or scope note.,